codigo_alumno,codigo_docente,semestre_asignacion,activo
110071,D001,2026-I,1
184197,D001,2026-I,1
210920,D001,2026-I,1
215783,D001,2026-I,1
221945,D001,2026-I,1
225554,D001,2026-I,1
240776,D001,2026-I,1
241441,D001,2026-I,1
241442,D001,2026-I,1
242128,D001,2026-I,1
253437,D001,2026-I,1
262383,D001,2026-I,1
193817,D002,2026-I,1
242223,D002,2026-I,1
246186,D002,2026-I,1
246191,D002,2026-I,1
250884,D002,2026-I,1
251810,D002,2026-I,1
251811,D002,2026-I,1
251812,D002,2026-I,1
252311,D002,2026-I,1
252312,D002,2026-I,1
252313,D002,2026-I,1
182727,D003,2026-I,1
200825,D003,2026-I,1
210922,D003,2026-I,1
210924,D003,2026-I,1
211858,D003,2026-I,1
211860,D003,2026-I,1
231449,D003,2026-I,1
241443,D003,2026-I,1
246183,D003,2026-I,1
246184,D003,2026-I,1
246185,D003,2026-I,1
254156,D003,2026-I,1
164257,D004,2026-I,1
183485,D004,2026-I,1
184194,D004,2026-I,1
210413,D004,2026-I,1
215326,D004,2026-I,1
216061,D004,2026-I,1
224870,D004,2026-I,1
224871,D004,2026-I,1
225421,D004,2026-I,1
240775,D004,2026-I,1
245579,D004,2026-I,1
134403,D005,2026-I,1
141002,D005,2026-I,1
171569,D005,2026-I,1
182977,D005,2026-I,1
210937,D005,2026-I,1
215817,D005,2026-I,1
230249,D005,2026-I,1
231907,D005,2026-I,1
234892,D005,2026-I,1
240443,D005,2026-I,1
240772,D005,2026-I,1
262382,D005,2026-I,1
141632,D006,2026-I,1
184193,D006,2026-I,1
220548,D006,2026-I,1
230602,D006,2026-I,1
231542,D006,2026-I,1
231816,D006,2026-I,1
231868,D006,2026-I,1
242108,D006,2026-I,1
246197,D006,2026-I,1
246198,D006,2026-I,1
260867,D006,2026-I,1
261272,D006,2026-I,1
145003,D007,2026-I,1
151696,D007,2026-I,1
192426,D007,2026-I,1
204792,D007,2026-I,1
215719,D007,2026-I,1
221540,D007,2026-I,1
225417,D007,2026-I,1
241566,D007,2026-I,1
241663,D007,2026-I,1
245581,D007,2026-I,1
246205,D007,2026-I,1
252320,D007,2026-I,1
111276,D008,2026-I,1
182917,D008,2026-I,1
210927,D008,2026-I,1
225491,D008,2026-I,1
230601,D008,2026-I,1
231453,D008,2026-I,1
234895,D008,2026-I,1
241447,D008,2026-I,1
251290,D008,2026-I,1
253438,D008,2026-I,1
254108,D008,2026-I,1
192423,D009,2026-I,1
200785,D009,2026-I,1
215882,D009,2026-I,1
220213,D009,2026-I,1
220214,D009,2026-I,1
230971,D009,2026-I,1
231446,D009,2026-I,1
241438,D009,2026-I,1
245576,D009,2026-I,1
246193,D009,2026-I,1
261274,D009,2026-I,1
050495,D010,2026-I,1
200858,D010,2026-I,1
211358,D010,2026-I,1
220547,D010,2026-I,1
225239,D010,2026-I,1
225455,D010,2026-I,1
231535,D010,2026-I,1
240445,D010,2026-I,1
242104,D010,2026-I,1
245577,D010,2026-I,1
260863,D010,2026-I,1
171571,D011,2026-I,1
184206,D011,2026-I,1
195048,D011,2026-I,1
215784,D011,2026-I,1
215786,D011,2026-I,1
221448,D011,2026-I,1
221461,D011,2026-I,1
225359,D011,2026-I,1
231444,D011,2026-I,1
242103,D011,2026-I,1
254142,D011,2026-I,1
161809,D012,2026-I,1
200886,D012,2026-I,1
215948,D012,2026-I,1
221986,D012,2026-I,1
224872,D012,2026-I,1
224873,D012,2026-I,1
224874,D012,2026-I,1
225423,D012,2026-I,1
225425,D012,2026-I,1
242136,D012,2026-I,1
261795,D012,2026-I,1
140984,D013,2026-I,1
161534,D013,2026-I,1
164246,D013,2026-I,1
200341,D013,2026-I,1
215422,D013,2026-I,1
221444,D013,2026-I,1
230173,D013,2026-I,1
231443,D013,2026-I,1
231448,D013,2026-I,1
235395,D013,2026-I,1
241448,D013,2026-I,1
150400,D014,2026-I,1
164244,D014,2026-I,1
182069,D014,2026-I,1
211265,D014,2026-I,1
215939,D014,2026-I,1
221443,D014,2026-I,1
225418,D014,2026-I,1
230251,D014,2026-I,1
235390,D014,2026-I,1
241875,D014,2026-I,1
261803,D014,2026-I,1
231469,D015,2026-I,1
242205,D015,2026-I,1
250491,D015,2026-I,1
250492,D015,2026-I,1
250881,D015,2026-I,1
250882,D015,2026-I,1
250883,D015,2026-I,1
251283,D015,2026-I,1
251284,D015,2026-I,1
251809,D015,2026-I,1
261793,D015,2026-I,1
103179,D016,2026-I,1
200332,D016,2026-I,1
204809,D016,2026-I,1
225461,D016,2026-I,1
231866,D016,2026-I,1
231929,D016,2026-I,1
232317,D016,2026-I,1
235389,D016,2026-I,1
235393,D016,2026-I,1
245893,D016,2026-I,1
262380,D016,2026-I,1
081561,D017,2026-I,1
121938,D017,2026-I,1
154630,D017,2026-I,1
174941,D017,2026-I,1
220650,D017,2026-I,1
230604,D017,2026-I,1
235433,D017,2026-I,1
250494,D017,2026-I,1
250495,D017,2026-I,1
251285,D017,2026-I,1
252317,D017,2026-I,1
211311,D018,2026-I,1
215275,D018,2026-I,1
215733,D018,2026-I,1
216062,D018,2026-I,1
220552,D018,2026-I,1
221451,D018,2026-I,1
230603,D018,2026-I,1
230973,D018,2026-I,1
242107,D018,2026-I,1
242157,D018,2026-I,1
245580,D018,2026-I,1
112207,D019,2026-I,1
174449,D019,2026-I,1
193109,D019,2026-I,1
210178,D019,2026-I,1
224869,D019,2026-I,1
225422,D019,2026-I,1
235394,D019,2026-I,1
241383,D019,2026-I,1
245572,D019,2026-I,1
246202,D019,2026-I,1
260458,D019,2026-I,1
261273,D019,2026-I,1
141005,D020,2026-I,1
143833,D020,2026-I,1
164248,D020,2026-I,1
174521,D020,2026-I,1
174910,D020,2026-I,1
175054,D020,2026-I,1
194522,D020,2026-I,1
210180,D020,2026-I,1
211355,D020,2026-I,1
260457,D020,2026-I,1
261801,D020,2026-I,1
211862,D021,2026-I,1
220551,D021,2026-I,1
231903,D021,2026-I,1
231924,D021,2026-I,1
234897,D021,2026-I,1
240632,D021,2026-I,1
240793,D021,2026-I,1
241508,D021,2026-I,1
241563,D021,2026-I,1
246192,D021,2026-I,1
246195,D021,2026-I,1
141158,D022,2026-I,1
145213,D022,2026-I,1
171952,D022,2026-I,1
194526,D022,2026-I,1
210930,D022,2026-I,1
215273,D022,2026-I,1
220963,D022,2026-I,1
245564,D022,2026-I,1
250498,D022,2026-I,1
250890,D022,2026-I,1
261794,D022,2026-I,1
021501,D023,2026-I,1
210369,D023,2026-I,1
211818,D023,2026-I,1
215940,D023,2026-I,1
221452,D023,2026-I,1
225465,D023,2026-I,1
241436,D023,2026-I,1
241440,D023,2026-I,1
242132,D023,2026-I,1
245570,D023,2026-I,1
251924,D023,2026-I,1
182913,D024,2026-I,1
192430,D024,2026-I,1
200946,D024,2026-I,1
204805,D024,2026-I,1
211363,D024,2026-I,1
234893,D024,2026-I,1
246199,D024,2026-I,1
246200,D024,2026-I,1
246201,D024,2026-I,1
253214,D024,2026-I,1
260866,D024,2026-I,1
114136,D025,2026-I,1
211057,D025,2026-I,1
215917,D025,2026-I,1
220212,D025,2026-I,1
230253,D025,2026-I,1
230970,D025,2026-I,1
234899,D025,2026-I,1
240444,D025,2026-I,1
241437,D025,2026-I,1
246208,D025,2026-I,1
246209,D025,2026-I,1
183525,D026,2026-I,1
204318,D026,2026-I,1
210411,D026,2026-I,1
210412,D026,2026-I,1
211816,D026,2026-I,1
220554,D026,2026-I,1
220581,D026,2026-I,1
245571,D026,2026-I,1
245573,D026,2026-I,1
246189,D026,2026-I,1
253427,D026,2026-I,1
145009,D027,2026-I,1
204321,D027,2026-I,1
210926,D027,2026-I,1
210929,D027,2026-I,1
211859,D027,2026-I,1
215788,D027,2026-I,1
215791,D027,2026-I,1
220610,D027,2026-I,1
245569,D027,2026-I,1
260453,D027,2026-I,1
261270,D027,2026-I,1
210934,D028,2026-I,1
210936,D028,2026-I,1
211855,D028,2026-I,1
215272,D028,2026-I,1
215790,D028,2026-I,1
224875,D028,2026-I,1
241445,D028,2026-I,1
246210,D028,2026-I,1
251815,D028,2026-I,1
251816,D028,2026-I,1
262379,D028,2026-I,1
262381,D028,2026-I,1
103647,D029,2026-I,1
192420,D029,2026-I,1
210939,D029,2026-I,1
210940,D029,2026-I,1
215279,D029,2026-I,1
221445,D029,2026-I,1
225419,D029,2026-I,1
230605,D029,2026-I,1
231894,D029,2026-I,1
240447,D029,2026-I,1
240449,D029,2026-I,1
170438,D030,2026-I,1
210409,D030,2026-I,1
215780,D030,2026-I,1
221612,D030,2026-I,1
225426,D030,2026-I,1
230972,D030,2026-I,1
231989,D030,2026-I,1
245574,D030,2026-I,1
253420,D030,2026-I,1
260451,D030,2026-I,1
261271,D030,2026-I,1
262378,D030,2026-I,1
154635,D031,2026-I,1
184213,D031,2026-I,1
195050,D031,2026-I,1
215277,D031,2026-I,1
221949,D031,2026-I,1
221950,D031,2026-I,1
230250,D031,2026-I,1
231441,D031,2026-I,1
242102,D031,2026-I,1
260454,D031,2026-I,1
261269,D031,2026-I,1
261797,D031,2026-I,1
120893,D032,2026-I,1
220549,D032,2026-I,1
241660,D032,2026-I,1
252376,D032,2026-I,1
253429,D032,2026-I,1
254065,D032,2026-I,1
260450,D032,2026-I,1
260452,D032,2026-I,1
260865,D032,2026-I,1
261798,D032,2026-I,1
261800,D032,2026-I,1
262376,D032,2026-I,1
200822,D033,2026-I,1
200865,D033,2026-I,1
204800,D033,2026-I,1
211359,D033,2026-I,1
231447,D033,2026-I,1
231454,D033,2026-I,1
240446,D033,2026-I,1
240774,D033,2026-I,1
241439,D033,2026-I,1
242105,D033,2026-I,1
245575,D033,2026-I,1
182975,D034,2026-I,1
210179,D034,2026-I,1
215714,D034,2026-I,1
220119,D034,2026-I,1
225416,D034,2026-I,1
231863,D034,2026-I,1
231864,D034,2026-I,1
231865,D034,2026-I,1
241701,D034,2026-I,1
246203,D034,2026-I,1
261804,D034,2026-I,1
241529,D035,2026-I,1
241547,D035,2026-I,1
241879,D035,2026-I,1
245898,D035,2026-I,1
246204,D035,2026-I,1
251775,D035,2026-I,1
251858,D035,2026-I,1
251884,D035,2026-I,1
251942,D035,2026-I,1
251944,D035,2026-I,1
260864,D035,2026-I,1
204798,D036,2026-I,1
210944,D036,2026-I,1
211356,D036,2026-I,1
215841,D036,2026-I,1
222067,D036,2026-I,1
231445,D036,2026-I,1
231867,D036,2026-I,1
242218,D036,2026-I,1
245582,D036,2026-I,1
245583,D036,2026-I,1
260861,D036,2026-I,1
261802,D036,2026-I,1
251836,D037,2026-I,1
253431,D037,2026-I,1
254011,D037,2026-I,1
254012,D037,2026-I,1
254013,D037,2026-I,1
254014,D037,2026-I,1
254015,D037,2026-I,1
254016,D037,2026-I,1
254017,D037,2026-I,1
254018,D037,2026-I,1
261796,D037,2026-I,1
154636,D038,2026-I,1
192190,D038,2026-I,1
204322,D038,2026-I,1
220555,D038,2026-I,1
220962,D038,2026-I,1
221989,D038,2026-I,1
225555,D038,2026-I,1
234898,D038,2026-I,1
253425,D038,2026-I,1
254010,D038,2026-I,1
260455,D038,2026-I,1
251893,D039,2026-I,1
251923,D039,2026-I,1
251929,D039,2026-I,1
251935,D039,2026-I,1
251938,D039,2026-I,1
252443,D039,2026-I,1
252450,D039,2026-I,1
253423,D039,2026-I,1
254005,D039,2026-I,1
254006,D039,2026-I,1
261275,D039,2026-I,1
160337,D040,2026-I,1
204796,D040,2026-I,1
210435,D040,2026-I,1
224867,D040,2026-I,1
224868,D040,2026-I,1
225420,D040,2026-I,1
225452,D040,2026-I,1
230969,D040,2026-I,1
231442,D040,2026-I,1
240773,D040,2026-I,1
260862,D040,2026-I,1
195036,D041,2026-I,1
210923,D041,2026-I,1
215725,D041,2026-I,1
215781,D041,2026-I,1
215782,D041,2026-I,1
221446,D041,2026-I,1
222085,D041,2026-I,1
230252,D041,2026-I,1
260459,D041,2026-I,1
262377,D041,2026-I,1
262385,D041,2026-I,1
253428,D042,2026-I,1
253430,D042,2026-I,1
253432,D042,2026-I,1
253433,D042,2026-I,1
253434,D042,2026-I,1
253435,D042,2026-I,1
253436,D042,2026-I,1
254007,D042,2026-I,1
254008,D042,2026-I,1
254009,D042,2026-I,1
262386,D042,2026-I,1
210921,D043,2026-I,1
220553,D043,2026-I,1
241446,D043,2026-I,1
241532,D043,2026-I,1
246207,D043,2026-I,1
246266,D043,2026-I,1
251814,D043,2026-I,1
252315,D043,2026-I,1
252316,D043,2026-I,1
261799,D043,2026-I,1
262384,D043,2026-I,1
191978,D044,2026-I,1
210928,D044,2026-I,1
215274,D044,2026-I,1
220961,D044,2026-I,1
221447,D044,2026-I,1
221450,D044,2026-I,1
235388,D044,2026-I,1
235392,D044,2026-I,1
241444,D044,2026-I,1
245565,D044,2026-I,1
245566,D044,2026-I,1
245567,D044,2026-I,1
220235,D045,2026-I,1
234688,D045,2026-I,1
242226,D045,2026-I,1
250496,D045,2026-I,1
250497,D045,2026-I,1
250887,D045,2026-I,1
250888,D045,2026-I,1
251286,D045,2026-I,1
251287,D045,2026-I,1
251813,D045,2026-I,1
252314,D045,2026-I,1
182897,D046,2026-I,1
194892,D046,2026-I,1
211959,D046,2026-I,1
215278,D046,2026-I,1
220964,D046,2026-I,1
231538,D046,2026-I,1
240777,D046,2026-I,1
252318,D046,2026-I,1
252319,D046,2026-I,1
252321,D046,2026-I,1
253426,D046,2026-I,1
164563,D047,2026-I,1
174905,D047,2026-I,1
200878,D047,2026-I,1
210938,D047,2026-I,1
215270,D047,2026-I,1
215271,D047,2026-I,1
231861,D047,2026-I,1
231862,D047,2026-I,1
235387,D047,2026-I,1
240771,D047,2026-I,1
260860,D047,2026-I,1
